{
  "deserializer": "ColorProject",
  "timestamp": "#{timestamp}",
  "version": "#{version}",
  "markersVersion": "#{markersVersion}",
  "globalSourceNames": [
    "*.styl"
  ],
  "globalIgnoredNames": [],
  "ignoredNames": [
    "vendor/*"
  ],
  "sourceNames": [
    "*.less"
  ],
  "paths": [
    "#{root}/styles/buttons.styl",
    "#{root}/styles/foo.styl"
  ],
  "variables": {
    "deserializer": "VariablesCollection",
    "content": [
      {
        "name": "colors.red",
        "value": "#BF616A",
        "range": [
          13,
          25
        ],
        "path": "#{root}/styles/foo.styl",
        "line": 1,
        "isColor": true,
        "color": [191, 97, 106, 1],
        "variables": []
      },
      {
        "name": "colors.yellow",
        "value": "#EBCB8B",
        "range": [
          28,
          43
        ],
        "path": "#{root}/styles/foo.styl",
        "line": 2,
        "isColor": true,
        "color": [235, 203, 139, 1],
        "variables": []
      },
      {
        "name": "colors.green",
        "value": "#A3BE8C",
        "range": [
          46,
          60
        ],
        "path": "#{root}/styles/foo.styl",
        "line": 3,
        "isColor": true,
        "color": [163, 190, 140, 1],
        "variables": []
      },
      {
        "name": "colors.blue",
        "value": "#8FA1B3",
        "range": [
          63,
          76
        ],
        "path": "#{root}/styles/foo.styl",
        "line": 4,
        "isColor": true,
        "color": [143, 161, 179, 1],
        "variables": []
      },
      {
        "name": "colors.cyan",
        "value": "#96B5B4",
        "range": [
          79,
          92
        ],
        "path": "#{root}/styles/foo.styl",
        "line": 5,
        "isColor": true,
        "color": [150, 181, 180, 1],
        "variables": []
      },
      {
        "name": "colors.light.base",
        "value": "#EFF1F5",
        "range": [
          109,
          122
        ],
        "path": "#{root}/styles/foo.styl",
        "line": 8,
        "isColor": true,
        "color": [239, 241, 245, 1],
        "variables": []
      },
      {
        "name": "colors.dark.base",
        "value": "#4F5B66",
        "range": [
          141,
          154
        ],
        "path": "#{root}/styles/foo.styl",
        "line": 11,
        "isColor": true,
        "color": [79, 91, 102, 1],
        "variables": []
      },
      {
        "name": "text-color",
        "value": "colors.light.base",
        "range": [
          162,
          192
        ],
        "path": "#{root}/styles/foo.styl",
        "line": 15,
        "isColor": true,
        "color": [239, 241, 245, 1],
        "variables": ["colors.light.base"]
      },
      {
        "name": "background-color",
        "value": "colors.dark.base",
        "range": [
          193,
          228
        ],
        "path": "#{root}/styles/foo.styl",
        "line": 16,
        "isColor": true,
        "color": [79, 91, 102, 1],
        "variables": ["colors.dark.base"]
      },
      {
        "name": "button-color",
        "value": "colors.blue",
        "range": [
          229,
          255
        ],
        "path": "#{root}/styles/foo.styl",
        "line": 17,
        "isColor": true,
        "color": [143, 161, 179, 1],
        "variables": ["colors.blue"]
      },
      {
        "name": "button-padding",
        "value": "6px 8px",
        "range": [
          257,
          281
        ],
        "path": "#{root}/styles/foo.styl",
        "line": 19
      },
      {
        "name": "button-radius",
        "value": "3px",
        "range": [
          282,
          301
        ],
        "path": "#{root}/styles/foo.styl",
        "line": 20
      }
    ]
  }
}
